id,nombre,plataforma,evidencia,condicion_disparo,umbral,fuente_datos,granularidad,latencia,donde_se_muestra_hoy,gestion_hoy,demo,deteccion_propuesta,gestion_en_bitacora,justificacion,relacion,relacion_detalle,codigo_catalogo
T01,SLA del día (red),Torre,torre/index.html:877; regla torre/index.html:1099-1100; definición torre/index.html:1221,SLA del día < objetivo,"Objetivo ≥95%; aviso 93–95%; crítico <93% (en contingencia el umbral se corre a 91%, torre/index.html:1099)","Base: 7 clientes top promediados (definición ""a definir"", torre/index.html:1221)",red,"minutos (el tablero refresca cada 45 s, torre/index.html:2634; frecuencia de la fuente NO ENCONTRADO)","Pestaña General, tile KPI; mapa por región (pn:reg)",Semáforo en tablero; no abre excepción en la Bitácora,"Sí (valor 95,1)",Torre,Sí,Agrega SLA de toda la red y de varios clientes.,HUÉRFANA,Cambia de color pero no genera excepción; nadie la toma.,SLA_RED_BAJO
T02,"SLA por sucursal (matriz, top 5, panel de sucursal)",Torre,"torre/index.html:1585, 1829-1830, 1916, 2183",SLA de la sucursal < objetivo,Objetivo ≥95%; aviso 93–95%; crítico <93%,ND[].sla (fuente NO ENCONTRADO),sucursal,"minutos (el tablero refresca cada 45 s, torre/index.html:2634; frecuencia de la fuente NO ENCONTRADO)","General: matriz Sucursal × proceso, Top 5 sucursales en riesgo, panel de sucursal",Semáforo; la celda empeora si además hay una excepción abierta en esa sucursal (torre/index.html:1585),Sí (valores por sucursal),Torre,Sí,Agrega por sucursal; es la base de SUCURSAL_EN_RIESGO.,CONFLICTO,"El mapa de calor por provincia usa otra escala para el mismo SLA: crítico <91% y riesgo 91–93% (T03), mientras que acá crítico es <93%.",SUCURSAL_EN_RIESGO
T03,Mapa de calor · SLA por provincia,Torre,torre/index.html:1003,SLA de la provincia por banda,OK ≥95%; aviso 93–95%; riesgo 91–93%; crítico <91%,"PROV[].sla (DEMO, torre/index.html:985)",provincia,"minutos (el tablero refresca cada 45 s, torre/index.html:2634; frecuencia de la fuente NO ENCONTRADO)",Mapa > Capas > SLA,Solo visual,Sí,Torre,Sí,Agrega por provincia.,CONFLICTO,"4 bandas contra las 3 de T01/T02: una provincia al 92% es ""riesgo"" en el mapa y ""crítico"" en la matriz.",SUCURSAL_EN_RIESGO
T04,Mapa de calor · pendientes vs volumen habitual,Torre,torre/index.html:1004,Pendientes ÷ volumen habitual,OK <2%; aviso 2–5%; riesgo 5–10%; crítico ≥10%,PROV[].pend / PROV[].vol (DEMO),provincia,"minutos (el tablero refresca cada 45 s, torre/index.html:2634; frecuencia de la fuente NO ENCONTRADO)",Mapa > Capas > Pendientes,Solo visual,Sí,Torre,Sí,Cruza pendientes con volumen habitual.,HUÉRFANA,Sin regla que la lleve a la Bitácora.,PENDIENTES_SOBRE_HABITUAL
T05,Desvíos en calle por provincia (UM / troncales),Torre,"torre/index.html:1006, 2177",Cantidad de desvíos en calle por provincia,Capa: sin umbral (escala continua). Panel de provincia: aviso si ≥20 desvíos (torre/index.html:2177),"PROV[].dum / PROV[].dtrc (DEMO). El origen del ""desvío"" (¿LT 700 m?) NO ENCONTRADO",provincia,"minutos (el tablero refresca cada 45 s, torre/index.html:2634; frecuencia de la fuente NO ENCONTRADO)",Mapa > Capas > Desvíos en calle,Solo visual,Sí,Torre,Sí,Agregado de eventos de calle por provincia.,COMPLEMENTARIA,Debería alimentarse de L08 (desvío >700 m de LT) y de los desvíos de troncal; hoy es un dato fijo.,DESVIOS_EN_CALLE_ZONA
T06,Excepciones abiertas / MTTR (General),Torre,"torre/index.html:878, 1104, 1184","Hay alguna excepción en estado ""nueva"" (sin tomar) → ""Requiere acción""; MTTR contra objetivo","Estado ""act"" si hay ≥1 nueva; MTTR objetivo ≤45 min, umbral 60 min",Bitácora (E[]),red,"minutos (el tablero refresca cada 45 s, torre/index.html:2634; frecuencia de la fuente NO ENCONTRADO)","Tile KPI ""Excepciones abiertas""",Es una meta-alerta de la propia Bitácora,Sí (MTTR 38 min fijo),Torre,Sí,"Mide la gestión de la cola, no la operación.",HUÉRFANA,"Que una excepción quede sin tomar no se escala sola (solo en contingencia y solo las P1, torre/index.html:2513).",EXCEPCION_SIN_TOMAR
T07,Matriz sucursal × proceso (celda en alerta),Torre,torre/index.html:1583-1605,Peor estado entre el KPI de la celda y las excepciones abiertas de la sucursal en ese proceso,Dist: SLA 95/93. Tro: estado de la troncal. XD: despachado/recibido 95/90. CBT: SLA 95/93 o Aduana sin datos,"ND, LN, CDX, E (DEMO)",sucursal × proceso,"minutos (el tablero refresca cada 45 s, torre/index.html:2634; frecuencia de la fuente NO ENCONTRADO)",General: matriz,Semáforo; enlaza a las excepciones de la sucursal,Sí,Torre,Sí,Es un cruce de fuentes por sucursal.,COMPLEMENTARIA,Ya combina excepciones con KPI. Es el lugar natural para mostrar SUCURSAL_EN_RIESGO.,SUCURSAL_EN_RIESGO
T08,Timeline del día: proceso fuera del target,Torre,"torre/index.html:1241, 1334-1341","Fin real o proyectado del proceso (despacho, admisión, salida a calle, entregas) contra el target de la sucursal",OK si termina dentro del target; aviso si se pasa hasta 30 min; crítico si se pasa más de 30 min (umbral provisorio según el código),Target = inicio plan + duración histórica (mediana) × volumen del día ÷ volumen habitual. Datos DEMO,sucursal × proceso,"minutos (el tablero refresca cada 45 s, torre/index.html:2634; frecuencia de la fuente NO ENCONTRADO)",General: Timeline del día,Semáforo en tablero; no abre excepción en la Bitácora,"Sí (TLB fijo, torre/index.html:1335)",Torre,Sí,Necesita histórico y volumen de la sucursal.,HUÉRFANA,Sin regla hacia la Bitácora.,PROCESO_FUERA_DE_TARGET
T09,Frescura de fuentes (sin datos),Torre,"torre/index.html:871-874, 1140-1141, 1102","Edad del último dato > umbral de la fuente → ""Sin datos"" (rayado) y los KPI de esa fuente pasan a ""stale""",WMS 5 min; GPS/TMS 3 min; API MELI 5 min; Aduana 10 min; OMS e-com 10 min,Último dato recibido de cada integración,fuente (red),minutos,"Encabezado ""Frescura""; KPI y celdas en rayado","Solo Aduana tiene excepción (E-2290, P2, DEMO)",Edades simuladas; Aduana congelada (frozen),Torre,Sí,Es una salud de integración transversal a todas las pestañas.,HUÉRFANA,"Solo la caída de Aduana está en la Bitácora (E-2290). Si GPS/TMS pasa los 3 min, nadie lo gestiona.",FUENTE_SIN_DATOS
T10,Modo contingencia (regla de escalado),Torre,"torre/index.html:1099, 1103, 1093, 2513, 2518-2525","Un analista activa contingencia: los umbrales de aviso se amplían, la Bitácora muestra solo P1–P2 y las P1 se escalan solas al Jefe de turno","Umbral de aviso corrido en (objetivo − umbral); backlog +48h × 1,5",Acción manual,red,tiempo real (al activarla),Barra de contingencia y registro,Escala las P1 abiertas y las que entren después,No (lógica real del prototipo),Torre,Sí,"Es una regla de la cola, no de detección.",COMPLEMENTARIA,Gobierna la Bitácora; todas las alertas la heredan.,"(regla de gestión, no es un tipo de alerta)"
T11,SLA entrega última milla,Torre,"torre/index.html:879, 1643, 1668",SLA UM < objetivo,Objetivo ≥95%; umbral 93%,NO ENCONTRADO,red / ventana de entrega,"minutos (el tablero refresca cada 45 s, torre/index.html:2634; frecuencia de la fuente NO ENCONTRADO)","Panel ""Por operación"" (pared), VDE",Semáforo,Sí,Torre,Sí,Agregado de entregas.,HUÉRFANA,Sin regla hacia la Bitácora.,SLA_UM_BAJO
T12,Efectividad 1er intento,Torre,"torre/index.html:880, 1222, 1625, 1916",% de 1er intento < objetivo (excluye fuerza mayor),Objetivo ≥88%; umbral 85%,Equipos visitados (definición en torre/index.html:1222),red / sucursal / zona,"minutos (el tablero refresca cada 45 s, torre/index.html:2634; frecuencia de la fuente NO ENCONTRADO)","Tile KPI, tabla de sucursales, panel de sucursal","Semáforo; hay una excepción manual equivalente (E-2283, Zona Oeste 81,2%, P2)",Sí,Torre,Sí,Agrega visitas por zona o sucursal.,COMPLEMENTARIA,"E-2283 nombra ""4 choferes con +30% de ausentes"": ese evento por chofer es de LT (ver F05) y alimenta este agregado.",PRIMER_INTENTO_BAJO
T13,Backlog por antigüedad (+48 h),Torre,"torre/index.html:881, 1103, 1171-1175, 1224",Piezas con más de 48 h > límite,Aviso si +48h > 1.000 piezas (1.500 en contingencia),"La definición (equipos con movimiento en los últimos 15 días no finalizados, torre/index.html:1224) no coincide con el corte de 48 h",red,"minutos (el tablero refresca cada 45 s, torre/index.html:2634; frecuencia de la fuente NO ENCONTRADO)",Tile KPI General,"Semáforo; E-2284 (Córdoba +48h, 620 piezas) está en la Bitácora aunque 620 < 1.000",Sí,Torre,Sí,Agregado por antigüedad.,CONFLICTO,"El mismo desvío (antigüedad) usa cortes de 48 h, 15 días (definición) y +3/+7/+15/+30 días (T14). La excepción por sucursal no tiene umbral propio.",BACKLOG_ANTIGUO
T14,Equipos sin movimiento (+3/+7/+15/+30 días) y contenedor en destino,Torre,"torre/index.html:1236-1237, 1672-1674, 1807-1809",Días desde el último movimiento,"Tramos +3, +7, +15 y +30 días; aviso desde +15 días, crítico desde +30 días (borrador ""a validar"")","eqData() (DEMO, 3.860 equipos)",equipo → sucursal,diario (antigüedad en días; frecuencia de carga NO ENCONTRADO),Distribución: tarjetas smv/ctd y detalle CSV,Semáforo en tablero; no abre excepción en la Bitácora,Sí,Torre,Sí,Se cruza con el estado del equipo y la sucursal.,CONFLICTO,"Corte distinto al de T13 (48 h) y al de las ""alertas de la jornada"" (+48 h, T20).",EQUIPO_SIN_MOVIMIENTO
T15,% Avance del día,Torre,"torre/index.html:884, 1193, 1228","Lo que salió a calle sobre lo que hay en sucursal, contra lo esperado a esta hora","Esperado ≥73,5%; umbral 70% (meta al cierre 92%)",NO ENCONTRADO,red / sucursal,"minutos (el tablero refresca cada 45 s, torre/index.html:2634; frecuencia de la fuente NO ENCONTRADO)",Tile KPI Distribución,Semáforo en tablero; no abre excepción en la Bitácora,Sí,Torre,Sí,Agregado por sucursal.,HUÉRFANA,Sin regla hacia la Bitácora.,AVANCE_DIA_BAJO
T16,% Entrega sobre visitados,Torre,"torre/index.html:885, 1229",% entregado de lo visitado < objetivo,Objetivo ≥90%; umbral 87%,NO ENCONTRADO,red / sucursal,"minutos (el tablero refresca cada 45 s, torre/index.html:2634; frecuencia de la fuente NO ENCONTRADO)",Tile KPI Distribución,Semáforo en tablero; no abre excepción en la Bitácora,Sí,Torre,Sí,Agregado.,HUÉRFANA,Sin regla.,ENTREGA_SOBRE_VISITADOS_BAJA
T17,% Visitas no efectivas,Torre,"torre/index.html:886, 1230",% de visitas no efectivas > objetivo,Objetivo ≤10%; umbral 14%,Motivos que no son siniestro ni devolución (definición torre/index.html:1230),red / sucursal,"minutos (el tablero refresca cada 45 s, torre/index.html:2634; frecuencia de la fuente NO ENCONTRADO)",Tile KPI Distribución,Semáforo en tablero; no abre excepción en la Bitácora,Sí,Torre,Sí,Agregado de visitas.,DUPLICADA,"LT muestra ""Visitas fallidas"" por centro y motivo (L04). Queda la Torre como agregado; LT aporta el evento por visita.",VISITAS_NO_EFECTIVAS_ALTAS
T18,% Reencaminados,Torre,"torre/index.html:887, 1231, 2318-2320",% reencaminados > objetivo,"Objetivo ≤4%; umbral 5%. Detalle: vence hoy = crítico, mañana = aviso",Equipos con 1ra visita a la espera de 2da/3ra (DEMO),red / sucursal / equipo,"minutos (el tablero refresca cada 45 s, torre/index.html:2634; frecuencia de la fuente NO ENCONTRADO)",Tile KPI y detalle CSV,Semáforo en tablero; no abre excepción en la Bitácora,Sí,Torre,Sí,Agregado.,HUÉRFANA,Sin regla.,REENCAMINADOS_ALTOS
T19,Piezas con vencimiento de SLA en riesgo,Torre,"torre/index.html:888, 1232, 2308, 2315-2317",Piezas próximas a vencer o vencidas > objetivo,Objetivo ≤7.000; umbral 9.000. Por pieza: vence hoy o ya vencida = crítico; mañana = aviso,Recibidas en sucursal (DEMO),red / sucursal / pieza,"minutos (el tablero refresca cada 45 s, torre/index.html:2634; frecuencia de la fuente NO ENCONTRADO)",Tile KPI y detalle CSV,Semáforo en tablero; no abre excepción en la Bitácora,Sí,Torre,Sí,Cruza recepción con vencimiento de SLA.,HUÉRFANA,Sin regla.,PIEZAS_SLA_EN_RIESGO
T20,Alertas de la jornada (Distribución),Torre,"torre/index.html:1056, 1841",Tarjetas: SLA en riesgo; ruteado que no salió; sin movimiento +48 h UM; sin movimiento +48 h nodo,Sin umbral en código: el estado viene fijo en los datos (DEMO),DIST.alj (DEMO),red,"minutos (el tablero refresca cada 45 s, torre/index.html:2634; frecuencia de la fuente NO ENCONTRADO)","Distribución: panel ""Alertas de la jornada"" (configurable)",Solo visual,Sí,Torre,Sí,Agregados.,CONFLICTO,"""Sin movimiento +48 h"" choca con los cortes de T14 (+3 días…). ""Ruteado que no salió"" no tiene regla (ver F06).",BACKLOG_ANTIGUO
T21,Top 5 peor entrega,Torre,"torre/index.html:1233, 1836-1837",% no entregadas de la sucursal,Crítico si >20%,DIST.pe5 (DEMO),sucursal,"minutos (el tablero refresca cada 45 s, torre/index.html:2634; frecuencia de la fuente NO ENCONTRADO)",Distribución: Top 5,Semáforo en tablero; no abre excepción en la Bitácora,Sí,Torre,Sí,Ranking por sucursal.,HUÉRFANA,Sin regla.,SUCURSAL_EN_RIESGO
T22,Piezas visitadas por hora bajo el ritmo,Torre,"torre/index.html:1647, 1842-1846, 2388-2393",Visitadas en la hora < referencia (ritmo necesario),"Aviso si la barra < 90% de la referencia; en el detalle 24 h, cualquier hora bajo el ritmo",DIST.vph24 y ritmo necesario 12.600/h (DEMO),red / sucursal,horaria,Distribución: gráfico por hora y detalle 24 h,Semáforo en tablero; no abre excepción en la Bitácora,Sí,Torre,Sí,Productividad agregada.,HUÉRFANA,Sin regla.,PRODUCTIVIDAD_HORARIA_BAJA
T23,No entregados por hora sobre la semana pasada,Torre,"torre/index.html:1647, 1847, 2394-2399",No entregados de la hora contra la misma hora de la semana pasada,Aviso por hora si >125% de la referencia; resumen del día aviso si >110%,DIST.neh24 (DEMO),red,horaria,Distribución: gráfico y detalle 24 h,Semáforo en tablero; no abre excepción en la Bitácora,Sí,Torre,Sí,Comparación histórica.,HUÉRFANA,Sin regla.,NO_ENTREGADOS_SOBRE_REFERENCIA
T24,Motivo de no entrega dominante,Torre,"torre/index.html:1659, 1852",El primer motivo supera el 35% del total,>35% del total → aviso,motData() (DEMO),red / sucursal,"minutos (el tablero refresca cada 45 s, torre/index.html:2634; frecuencia de la fuente NO ENCONTRADO)",Distribución: Motivos de no entrega,Semáforo en tablero; no abre excepción en la Bitácora,Sí,Torre,Sí,Agregado por motivo.,DUPLICADA,"LT ya muestra ""Visitas fallidas"" por motivo (L04) con otra lista de motivos (taxonomía distinta).",VISITAS_NO_EFECTIVAS_ALTAS
T25,Circuito del transporte (citados → arribados → despachados → admisión),Torre,"torre/index.html:1238, 1647, 1661-1666, 1823, 2401-2427",Arribados o despachados por hora contra lo planificado; tiempos por etapa contra el objetivo,"Aviso por hora si real < 90% del plan. Etapas: cita→arribo ≤30 min; carga ≤45 min; recorrido y vuelta ≤420 min; ciclo > suma × 1,08 = aviso; >15% de transportes con incumplimiento = aviso",CIRC y circData() (DEMO),sucursal / transporte,"minutos (el tablero refresca cada 45 s, torre/index.html:2634; frecuencia de la fuente NO ENCONTRADO)",Distribución: % Circuito y análisis del circuito,Semáforo en tablero; no abre excepción en la Bitácora,Sí,Torre,Sí,Cruza citación (planta) con GPS de la unidad.,COMPLEMENTARIA,El arribo a planta y la salida a calle por unidad son eventos de LT; la Torre los agrega por sucursal y hora.,CIRCUITO_TRANSPORTE_DEMORADO
T26,Ventanas de entrega (VDE),Torre,torre/index.html:1668-1669,Cumplimiento de la ventana AM / PM,Objetivo ≥95%; umbral 93%,Fijo (DEMO),red / ventana,"minutos (el tablero refresca cada 45 s, torre/index.html:2634; frecuencia de la fuente NO ENCONTRADO)",Distribución: botón VDE,Semáforo en tablero; no abre excepción en la Bitácora,Sí,Torre,Sí,Agregado por ventana.,HUÉRFANA,Sin regla.,VENTANA_ENTREGA_INCUMPLIDA
T27,Troncales a tiempo (KPI),Torre,"torre/index.html:806, 889, 1223","Código: una troncal está fuera de horario si no salió, si salió con más de 15 min de demora sobre el ETD o si está ""Detenida"". Definición escrita: si el arribo real (ATA) supera el ETA",Objetivo ≥92%; umbral 85%; tolerancia 15 min sobre el ETD,LN (TRC reales; horarios DEMO); GPS/TMS,red,"minutos (el tablero refresca cada 45 s, torre/index.html:2634; frecuencia de la fuente NO ENCONTRADO)",Tile KPI General y Troncales,Semáforo en tablero; no abre excepción en la Bitácora,Sí,Torre,Sí,Agrega todas las troncales.,CONFLICTO,"La definición mide el arribo (ATA vs ETA) y el código mide la salida (ATD vs ETD). Además, la tolerancia de 15 min no coincide con el objetivo de 20 min de T28.",TRONCALES_A_TIEMPO_BAJO
T28,Demora en tiempo de salida (promedio),Torre,"torre/index.html:890, 1239",Demora promedio de salida > objetivo,Objetivo ≤20 min; umbral 45 min,TMS (ETD de Transportes),red,"minutos (el tablero refresca cada 45 s, torre/index.html:2634; frecuencia de la fuente NO ENCONTRADO)",Tile KPI Troncales,Semáforo en tablero; no abre excepción en la Bitácora,Sí,Torre,Sí,Promedio de red.,CONFLICTO,"Objetivo 20 min contra los 15 min de tolerancia por troncal (T27, T29).",TRONCAL_DEMORADA_SALIDA
T29,Demora de salida por troncal (tabla y panel),Torre,"torre/index.html:1612-1617, 1738-1739, 2127-2132",Salida real − ETD; sin salir = crítico,Aviso >15 min; crítico >45 min o sin salida real. En el panel también suma el tiempo detenido,LN (DEMO); GPS/TMS,troncal / viaje,minutos (frescura GPS/TMS 3 min),"Troncales: tabla ""Troncales en ruta""; panel del mapa","Semáforo. El color de la troncal en el mapa depende SOLO de si tiene una excepción abierta (laneState, torre/index.html:1098), no de la demora",Sí,LT,Sí,Es un desvío de una troncal y se resuelve en minutos.,DUPLICADA,"La Torre calcula la demora por troncal; según el principio, esto lo detecta LT (agentes de troncales en n8n). Queda LT; la Torre agrega (T27/T28).",TRONCAL_DEMORADA_SALIDA
T30,Troncal sin salir (sin ATD),Torre,"torre/index.html:1581, 1739, 1014",La troncal no tiene hora de salida real,"Crítico apenas no tiene ATD (sin tolerancia). E-2291: +2h02 sin salir, P1","LN.sr = ""—"" (DEMO)",troncal,minutos (frescura GPS/TMS 3 min),Tabla de troncales; mapa (rayas largas),E-2291 cargada como P1 (DEMO); no hay regla automática,Sí,LT,Sí,Evento de una troncal que se resuelve en minutos.,CONFLICTO,"La tabla marca crítico aunque falte 1 minuto para el ETD, si no hay ATD (no compara contra la hora actual). En el panel del mapa en cambio solo cuenta como demora si ya pasó el ETD (torre/index.html:2128).",TRONCAL_SIN_SALIR
T31,Unidad / troncal detenida,Torre,"torre/index.html:1085, 2645-2649, 1014",GPS: unidad detenida más de 20 min → P1 nueva en la Bitácora,>20 min (texto del evento simulado),GPS (simulado a los 25 s de abrir la página),unidad / troncal,tiempo real,"Bitácora (P1), toast, chip P1 que parpadea",Entra sola a la Bitácora (único caso automático),Sí (E-2293 inyectada),LT,Sí,Evento de una unidad que se resuelve en minutos.,COMPLEMENTARIA,Es el patrón objetivo: LT detecta y la Bitácora gestiona. El umbral de LT es NO ENCONTRADO y debe confirmarse.,UNIDAD_DETENIDA
T32,Unidades con GPS activo,Torre,"torre/index.html:892, 1253",Transportes despachados no finalizados cuyo último reporte GPS tiene más de 30 min / 1 h,"KPI: objetivo ≥98%; umbral 95%. Sin reporte: ""más de 30 min / 1 h"" (sin definir cuál)",GPS,red (KPI) / unidad (regla),minutos (frescura GPS/TMS 3 min),Tile KPI Troncales,Semáforo en tablero; no abre excepción en la Bitácora,Sí,Torre (KPI de red),Sí,El KPI es un agregado; el evento por unidad va a LT (T33).,CONFLICTO,"El umbral de ""sin GPS"" está escrito como 30 min o 1 h, y la excepción E-2280 se dispara a los 25 min.",GPS_ACTIVO_BAJO
T33,Móviles sin GPS (excepción),Torre,torre/index.html:1077,Sin posición hace 25 min (3 móviles en Tucumán),25 min (texto del ejemplo),GPS,unidad → sucursal,minutos,Bitácora (P3),En la Bitácora (DEMO),Sí,LT,Sí,Evento por unidad.,CONFLICTO,25 min contra los 30 min / 1 h de T32.,UNIDAD_SIN_GPS
T34,Incidencias de troncales (monitoreo),Torre,"torre/index.html:900, 1105, 1254","Incidencias informadas por mail por monitoreo, consolidadas en el datalake y cruzadas con la troncal por patente; ""Requiere acción"" si hay alguna nueva",MTTR objetivo ≤45 min; umbral 60 min,Mails de monitoreo → datalake,troncal,"minutos (el tablero refresca cada 45 s, torre/index.html:2634; frecuencia de la fuente NO ENCONTRADO)",Tile KPI Troncales; lista de incidencias,Cuenta las excepciones de Troncales; la carga automática desde el datalake es NO ENCONTRADO,Sí (MTTR 52 fijo),LT,Sí,Incidencia de una troncal por patente.,DUPLICADA,"Si los agentes n8n de troncales también leen esos mails, se duplica. Debe quedar uno solo (LT o el agente) como origen, a confirmar.",INCIDENCIA_TRONCAL
T35,Salida a tiempo por región / sucursal (histórico 4 días),Torre,"torre/index.html:1752, 1932-1944",% de viajes con salida ≤15 min sobre el ETD,Tolerancia 15 min; objetivo ≥92%; umbral 85%,sucHist() (DEMO),región / sucursal,diario (hoy + 3 días),Troncales: Por región → sucursal,Semáforo en tablero; no abre excepción en la Bitácora,Sí,Torre,Sí,Agregado histórico.,COMPLEMENTARIA,Agrega los eventos de demora de T29.,TRONCALES_A_TIEMPO_BAJO
T36,Equipos en viaje próximos a vencer,Torre,"torre/index.html:1255-1256, 1754-1762, 1854-1855",Equipos en troncales no arribadas con vencimiento hoy (crítico) o mañana (aviso),Hoy = crítico; mañana = aviso,evvData() (DEMO),troncal → sucursal destino,"minutos (el tablero refresca cada 45 s, torre/index.html:2634; frecuencia de la fuente NO ENCONTRADO)",Troncales: panel y detalle,Semáforo en tablero; no abre excepción en la Bitácora,Sí,Torre,Sí,Cruza la ETA de la troncal (LT) con el vencimiento de la pieza.,COMPLEMENTARIA,La demora de troncal de LT eleva este riesgo en la sucursal de destino.,PIEZAS_EN_VIAJE_POR_VENCER
T37,"Riesgo externo (clima, cortes de ruta)",Torre,"torre/index.html:1023-1028, 1430","Capa manual: Zonda, corte RN 22, tormentas, nevadas",Sin umbral (carga manual),"Carga manual (alerta SMN, piquetes)",zona / ruta,NO ENCONTRADO (manual),Mapa > Capas > Riesgo externo,Solo visual. Los mismos hechos aparecen en E-2288 y E-2289 en la Bitácora,Sí,Torre,Sí,Fuente externa que afecta a varias troncales o sucursales.,COMPLEMENTARIA,"Explica excepciones de troncal (E-2288, E-2289) pero la capa no está vinculada a ellas.",RIESGO_EXTERNO
T38,% RFD (ready for dispatch),Torre,"torre/index.html:903, 1259, 1782",% de shipments listos antes de su CPT,Objetivo ≥95%; umbral 90% (también por subca),API MELI,red / CPT / subca,minutos (frescura API MELI 5 min),Crossdock MELI: tile y detalle por subca,Semáforo en tablero; no abre excepción en la Bitácora,Sí,Torre,Sí,Agregado de hub.,HUÉRFANA,Sin regla.,XD_RFD_BAJO
T39,% DOT (dispatch on time),Torre,"torre/index.html:904, 1260",% de shipments despachados antes del CPT,Objetivo ≥95%; umbral 92%,API MELI,red / CPT / subca,minutos (frescura API MELI 5 min),Crossdock MELI,Semáforo en tablero; no abre excepción en la Bitácora,Sí,Torre,Sí,Agregado.,HUÉRFANA,Sin regla.,XD_DOT_BAJO
T40,Inhub contra proyectado (por subca),Torre,"torre/index.html:905, 1261, 1782",% recibido sobre proyectado,Por subca: objetivo ≥95%; umbral 90%. KPI de red sin objetivo,API MELI,subca,minutos (frescura API MELI 5 min),Detalle por subca,Semáforo en tablero; no abre excepción en la Bitácora,Sí,Torre,Sí,Agregado.,HUÉRFANA,Sin regla.,XD_INHUB_BAJO
T41,Shipments en playa,Torre,"torre/index.html:906, 1262",Shipments recibidos sin entrar a proceso,Objetivo ≤5.000; umbral 7.000,API MELI,hub,minutos (frescura API MELI 5 min),Crossdock MELI,Semáforo en tablero; no abre excepción en la Bitácora,Sí,Torre,Sí,Agregado de nodo.,HUÉRFANA,"Sin regla. El KPI ""Piezas en playa"" (cdp, torre/index.html:894) tiene los mismos números y no se muestra en ninguna pantalla.",XD_PLAYA_ALTA
T42,Pendientes de armado de HU,Torre,"torre/index.html:907, 1263",Shipments pendientes de armar HU,Objetivo ≤5.000; umbral 8.000,API MELI,hub,minutos (frescura API MELI 5 min),Crossdock MELI,Semáforo en tablero; no abre excepción en la Bitácora,Sí,Torre,Sí,Agregado.,HUÉRFANA,Sin regla.,XD_ARMADO_PENDIENTE
T43,% Avance en HU,Torre,"torre/index.html:908, 1264",% procesado en HU,Objetivo ≥80%; umbral 70%,API MELI,hub,minutos (frescura API MELI 5 min),Crossdock MELI,Semáforo en tablero; no abre excepción en la Bitácora,Sí,Torre,Sí,Agregado.,HUÉRFANA,Sin regla.,XD_AVANCE_HU_BAJO
T44,CPT en riesgo (proyección al corte),Torre,"torre/index.html:1265, 1766, 1803, 1856-1860",Proyección de avance al corte del CPT,OK ≥100%; aviso 97–100%; riesgo 94–97%; crítico <94%,CPTS (DEMO),CPT,minutos,Crossdock MELI: avance por CPT y próximo CPT,Semáforo en tablero; no abre excepción en la Bitácora,Sí,Torre,Sí,Agregado por corte.,HUÉRFANA,Sin regla.,XD_CPT_EN_RIESGO
T45,"Avance por proceso (In HUB, palomeado, HU, stage, in_dispatch, despachado)",Torre,"torre/index.html:1266, 1861-1862",% por etapa contra el objetivo,In HUB 95/90; palomeado 90/85; HU 80/70; stage 60/50; in_dispatch 35/25; despachado 20/15 (objetivo/umbral),Fijo (DEMO),hub,minutos,Crossdock MELI: Por proceso,Semáforo en tablero; no abre excepción en la Bitácora,Sí,Torre,Sí,Agregado.,HUÉRFANA,Sin regla.,XD_ETAPA_ATRASADA
T46,Despachado / recibido por nodo (XD),Torre,"torre/index.html:984, 1226, 1591",Despachados ÷ recibidos en el día,Objetivo ≥95%; umbral 90%,CDX (DEMO),sucursal / nodo,"minutos (el tablero refresca cada 45 s, torre/index.html:2634; frecuencia de la fuente NO ENCONTRADO)","Matriz General, columna Crossdock",Semáforo en tablero; no abre excepción en la Bitácora,Sí,Torre,Sí,Agregado por nodo.,HUÉRFANA,Sin regla.,XD_DESPACHO_BAJO
T47,Cumplimiento de olas de salida,Torre,"torre/index.html:893, 1029-1036, 1643",Ola despachada tarde o clasificado incompleto cerca del corte,KPI: objetivo ≥95%; umbral 90%. Por ola: el estado viene fijo (Ola 3 +25 min = aviso; Ola 4 62% = riesgo); regla NO ENCONTRADO,OLAS (DEMO),ola / hub,minutos,"Crossdock (vista olas) y ""Por operación""","E-2285 (Ola 16:00 al 62%, P2) en la Bitácora",Sí,Torre,Sí,Agregado del hub.,HUÉRFANA,La alerta por ola no tiene regla automática: E-2285 es un ejemplo cargado a mano.,XD_OLA_EN_RIESGO
T48,Excepciones del crossdock: volumen y ETA de arribo,Torre,"torre/index.html:1268, 1804, 1945-1949","Subidas de volumen (+18%, +12%), bajas (−35%), atraso de ETA de arribo al XD","NO ENCONTRADO (solo ejemplos fijos; ""Otros a definir"")",XDX (DEMO); ETA de troncales y colectas,hub / cliente / troncal,"minutos (el tablero refresca cada 45 s, torre/index.html:2634; frecuencia de la fuente NO ENCONTRADO)","Crossdock: clic en ""Excepciones""","Lista aparte, NO entra en la Bitácora",Sí,Torre,Sí,Volumen contra proyectado (cruza fuentes); el atraso de ETA viene de LT.,COMPLEMENTARIA,"El ""Atraso de ETA"" (Rosario→Pacheco, colecta Tortuguitas) es un evento de LT que alimenta el riesgo del XD. Hoy es HUÉRFANA porque no pasa a la Bitácora.",XD_ARRIBO_ATRASADO
T49,Cadena del nodo CBN: etapa que acumula carga,Torre,"torre/index.html:1246, 1850-1851",Marca la etapa que más tarda en drenar al ritmo actual,"La de mayor tiempo de drenaje (relativo, sin umbral absoluto)",Fijo (DEMO),nodo CBN (A055),minutos,Crossdock no MELI: Cadena CBN,Semáforo en tablero; no abre excepción en la Bitácora,Sí,Torre,Sí,Agregado del nodo.,HUÉRFANA,"Siempre marca una etapa, aunque esté bien; no tiene umbral.",XD_CUELLO_DE_BOTELLA
T50,Sin canalizar / % avance propio / piezas por hora (XD propio),Torre,"torre/index.html:897-899, 1243-1245",Piezas sin ruta ni troncal al cierre; avance y productividad,"NO ENCONTRADO (sin objetivo; % avance y piezas/h ""sin dato hoy"")",Tabla_VolumenXD (modelo Sucursal × Sucursal),hub,NO ENCONTRADO,Crossdock no MELI,Solo informativo,Sí,Torre,Sí,Agregado.,FALTANTE,El indicador existe pero no tiene umbral ni datos; no puede alertar.,XD_SIN_CANALIZAR
T51,SLA CBT 24 h,Torre,"torre/index.html:909, 1225, 1594",Liberación desde el arribo a DIREXA dentro de 24 h,"Objetivo ≥95%; umbral 93%; ""sin datos"" si Aduana pasa los 10 min",Aduana,red / sucursal,minutos (frescura Aduana 10 min),Courier CBT: tile; matriz,Semáforo en tablero; no abre excepción en la Bitácora,Sí,Torre,Sí,Cruza Aduana con UM.,DUPLICADA,Posible duplicado con el agente n8n CBT y MELI Courier/Direxa (A03/A04): a confirmar qué miden.,CBT_SLA_BAJO
T52,SLA CBT 48 h,Torre,torre/index.html:910,% liberado en 48 h,Objetivo ≥98%; umbral 96%,Aduana,red,minutos (frescura Aduana 10 min),Courier CBT,Semáforo en tablero; no abre excepción en la Bitácora,Sí,Torre,Sí,Agregado.,HUÉRFANA,Sin regla.,CBT_SLA_BAJO
T53,Envíos en aduana,Torre,torre/index.html:911,Stock en aduana > objetivo,Objetivo ≤3.000; umbral 4.000,Aduana,red,minutos (frescura Aduana 10 min),Courier CBT,Semáforo en tablero; no abre excepción en la Bitácora,Sí,Torre,Sí,Agregado.,HUÉRFANA,Sin regla.,CBT_STOCK_ADUANA_ALTO
T54,Tiempo de liberación aduanera,Torre,torre/index.html:912,Tiempo de liberación > objetivo,Objetivo ≤8 h; umbral 12 h,Aduana,red,minutos (frescura Aduana 10 min),Courier CBT,Semáforo en tablero; no abre excepción en la Bitácora,Sí,Torre,Sí,Agregado.,CONFLICTO,Mide liberación igual que T51 pero con otra vara (8/12 h contra el 24 h de T51). Hay que alinear qué cuenta como incumplimiento.,CBT_LIBERACION_LENTA
T55,Entrega CBT última milla,Torre,torre/index.html:913,% de entrega UM de CBT,Objetivo ≥96%; umbral 94%,NO ENCONTRADO,red,minutos,Courier CBT (pared),Semáforo en tablero; no abre excepción en la Bitácora,Sí,Torre,Sí,Agregado.,HUÉRFANA,Sin regla.,CBT_UM_BAJO
T56,Lotes CBT: canal rojo / sin datos,Torre,"torre/index.html:1037-1044, 1632-1635, 1079",Lote retenido en canal rojo o sin novedades de aduana,Estado fijo por lote (DEMO); regla NO ENCONTRADO,Aduana,lote / cliente,minutos (frescura Aduana 10 min),Courier CBT: tabla de lotes,"E-2282 (Samsung canal rojo, P3) en la Bitácora",Sí,Torre,Sí,Cruza aduana con cliente y vencimiento.,DUPLICADA,"Posible duplicado con el agente n8n CBT (A04), a confirmar.",CBT_LOTE_RETENIDO
T57,Vencimientos CBT de hoy,Torre,torre/index.html:1833-1834,Corte de vencimiento sin datos de aduana,"""Sin datos"" si Aduana pasa los 10 min",Aduana,corte horario,minutos,Courier CBT: Vencimientos CBT hoy,Semáforo en tablero; no abre excepción en la Bitácora,Sí,Torre,Sí,Agregado.,HUÉRFANA,Sin regla.,CBT_VENCIMIENTO_EN_RIESGO
T58,Corte de admisión MELI con escaneo incompleto,Torre,torre/index.html:1071,"75% escaneado a 1h28 del corte (E-2286, P2)",NO ENCONTRADO,WMS / escaneo (NO ENCONTRADO),hub / cliente,minutos (frescura WMS 5 min),Bitácora,"En la Bitácora (DEMO, ""regla automática"" sin código)",Sí,Torre,Sí,Cruza escaneos con el corte del cliente.,DUPLICADA,"Posible duplicado con el agente n8n de admisión (A01), a confirmar.",ADMISION_CORTE_EN_RIESGO
T59,Pedidos e-commerce sin picking cerca del corte,Torre,torre/index.html:1076,"310 pedidos sin picking a 2 h del corte (E-2287, P2)",NO ENCONTRADO,OMS e-com,cliente / hub,minutos (frescura OMS 10 min),Bitácora,En la Bitácora (DEMO),Sí,Torre,Sí,Agregado por cliente.,HUÉRFANA,Sin indicador ni regla que lo dispare; solo existe como ejemplo.,ECOMMERCE_PICKING_ATRASADO
T60,"Falla de equipamiento (sorter, escáner)",Torre,"torre/index.html:1078, 1081",Microcortes del sorter (3 detenciones de 4–6 min); escáner fuera de servicio,NO ENCONTRADO,NO ENCONTRADO,equipo / nodo,NO ENCONTRADO,Bitácora,En la Bitácora (DEMO),Sí,Torre,Sí,No es de calle; se carga a mano en la Bitácora.,HUÉRFANA,Sin fuente ni regla.,FALLA_EQUIPAMIENTO
T61,Reclamos en aumento,Torre,torre/index.html:1080,"+12 reclamos contra ayer (Rosario, E-2279)",NO ENCONTRADO,Atención al cliente (NO ENCONTRADO),sucursal / cliente,NO ENCONTRADO,Bitácora,En la Bitácora (DEMO),Sí,Torre,Sí,Agregado por sucursal.,HUÉRFANA,Sin fuente ni regla.,RECLAMOS_EN_AUMENTO
T62,Devoluciones pendientes de consolidar,Torre,torre/index.html:1082,95 devoluciones sin consolidar desde ayer (E-2276),NO ENCONTRADO,NO ENCONTRADO,sucursal,NO ENCONTRADO,Bitácora,En la Bitácora (DEMO),Sí,Torre,Sí,Agregado.,HUÉRFANA,Sin fuente ni regla.,DEVOLUCIONES_PENDIENTES
T63,Vencimiento de la excepción (SLA de gestión),Torre,"torre/index.html:1975-1978, 1995, 1873",Plazo para resolver según la prioridad,P1 2 h; P2 4 h; P3 8 h (solo para los desvíos cargados en la Bitácora),Bitácora,excepción,tiempo real,"Tarjetas de la Bitácora (""vence en"")",Muestra cuánto falta; no escala ni avisa al vencer,Ejemplos con plazos arbitrarios,Torre,Sí,Regla de gestión de la cola.,CONFLICTO,Las excepciones de ejemplo no respetan la tabla: E-2288 es P1 y vence en 210 min (> 2 h). Ninguna se escala al vencer.,EXCEPCION_VENCIDA
L01,Total de recorridos,LT,torre/livetracking/livetracking_torre.html:72-74; Copia del Dashboard de LT dentro de la Torre (torre/livetracking/livetracking_torre.html:2-4); la web real no se pudo abrir (403 de red),Conteo de recorridos del centro,Sin umbral,"LT (LoadStatistics por centro; en la copia, DEMO)",centro (sucursal),NO ENCONTRADO,LT > Dashboard; pestaña LiveTracking de la Torre,Solo informativo,Sí,LT,No aplica,Informativo.,A CONFIRMAR,Sin umbral; no es alerta. Se lista para el inventario.,(no es alerta)
L02,% avance de entregas / retiros visitados,LT,"torre/livetracking/livetracking_torre.html:101-106, 123-129, 400",Visitados ÷ total de entregas (y de retiros) del centro,Sin umbral (barra sin semáforo),LT,centro,NO ENCONTRADO,LT > Dashboard,Solo informativo,Sí,LT,No aplica,Avance del centro.,A CONFIRMAR,Parecido a % avance del día de la Torre (T15) pero con otra definición (visitados ÷ total contra salido a calle ÷ en sucursal).,AVANCE_DIA_BAJO
L03,Uso de EN CAMINO,LT,"torre/livetracking/livetracking_torre.html:146-147, 399",Visitadas con estado EN CAMINO ÷ visitadas totales,Sin umbral,LT (app de chofer),centro / chofer,NO ENCONTRADO,LT > Dashboard,Solo informativo,Sí,LT,Sí,Adopción de la app por chofer.,FALTANTE,Ninguna plataforma alerta si un chofer o centro deja de usar EN CAMINO.,APP_EN_CAMINO_SIN_USO
L04,Visitas fallidas (por motivo),LT,"torre/livetracking/livetracking_torre.html:182-195, 380, 405",Conteo de visitas fallidas por motivo,Sin umbral,LT,centro / motivo / parada,NO ENCONTRADO,LT > Dashboard (torta + descarga),Sin gestión,Sí,LT (evento) → Torre (agregado),Sí,La visita es un evento de LT; el % por sucursal es de la Torre.,DUPLICADA,"Mismo desvío que T17/T24. Queda la Torre como alerta agregada. Las listas de motivos no coinciden (LT: NO SE UBICA DOMICILIO, AUSENTE, RECHAZADO…; Torre: Ausente, Domicilio incorrecto, Rechazo…).",VISITAS_NO_EFECTIVAS_ALTAS
L05,Direcciones sin geo (por material),LT,"torre/livetracking/livetracking_torre.html:162-175, 388-389, 404",Direcciones sin geolocalización,Sin umbral,LT,centro / dirección,NO ENCONTRADO,LT > Dashboard (torta + descarga),Sin gestión,Sí,LT,Sí,Calidad de dato por dirección.,HUÉRFANA,Nadie la gestiona; no tiene equivalente en la Torre.,DIRECCION_SIN_GEO
L06,Paradas con marca de geo incorrecta,LT,"torre/livetracking/livetracking_torre.html:205-217, 406",% de paradas con geo incorrecta,Sin umbral,LT (marca del chofer),centro / parada,NO ENCONTRADO,LT > Dashboard,Sin gestión,Sí,LT,Sí,Calidad de dato por parada.,HUÉRFANA,"Sin gestión; se relaciona con el motivo ""Domicilio mal geocodificado"" de reencaminados (T18, torre/index.html:1054).",GEO_INCORRECTA
L07,Desvío de geo > 700 m,LT,"torre/livetracking/livetracking_torre.html:224-236, 391, 407",Entrega registrada a más de 700 m de la dirección,700 m,LT (GPS del chofer contra la dirección),parada / chofer → centro,NO ENCONTRADO,LT > Dashboard,Sin gestión,Sí (conteos),LT,Sí,"Evento por parada o chofer, verificable al momento.",COMPLEMENTARIA,"Debería alimentar los ""Desvíos en calle UM"" de la Torre (T05).",ENTREGA_FUERA_DE_GEO
A00,Alertas de LT en desarrollo,LT,"Declarado por el usuario; evidencia NO ENCONTRADO (sin acceso a la web, 403)",NO ENCONTRADO,NO ENCONTRADO,NO ENCONTRADO,NO ENCONTRADO,NO ENCONTRADO,NO ENCONTRADO,NO ENCONTRADO,—,LT,Sí,Sin evidencia.,A CONFIRMAR,Hay que relevarlas con el equipo de LT.,(a relevar)
A01,Agente n8n · Admisión,LT,Declarado por el usuario; evidencia NO ENCONTRADO,NO ENCONTRADO,NO ENCONTRADO,NO ENCONTRADO,NO ENCONTRADO,NO ENCONTRADO,NO ENCONTRADO,NO ENCONTRADO,—,LT si es por unidad o viaje; Torre si es por corte o cliente,Sí,Depende de lo que detecte.,A CONFIRMAR,Posible duplicado de T58.,ADMISION_CORTE_EN_RIESGO
A02,Agente n8n · Troncales,LT,Declarado por el usuario; evidencia NO ENCONTRADO,NO ENCONTRADO,NO ENCONTRADO,NO ENCONTRADO,troncal (supuesto por el nombre),NO ENCONTRADO,NO ENCONTRADO,NO ENCONTRADO,—,LT,Sí,Por troncal.,A CONFIRMAR,"Posible duplicado de T29, T30, T31 y T34.",TRONCAL_DEMORADA_SALIDA
A03,Agente n8n · MELI Courier / Direxa,LT,Declarado por el usuario; evidencia NO ENCONTRADO,NO ENCONTRADO,NO ENCONTRADO,NO ENCONTRADO,NO ENCONTRADO,NO ENCONTRADO,NO ENCONTRADO,NO ENCONTRADO,—,A definir,Sí,Sin evidencia.,A CONFIRMAR,Posible duplicado de T51.,CBT_SLA_BAJO
A04,Agente n8n · CBT,LT,Declarado por el usuario; evidencia NO ENCONTRADO,NO ENCONTRADO,NO ENCONTRADO,NO ENCONTRADO,NO ENCONTRADO,NO ENCONTRADO,NO ENCONTRADO,NO ENCONTRADO,—,Torre si cruza aduana y cliente,Sí,Sin evidencia.,A CONFIRMAR,Posible duplicado de T51 y T56.,CBT_LOTE_RETENIDO
F01,Sucursal en riesgo por eventos de LT (ej.: 3 unidades detenidas en la sucursal),Ninguna,Ninguna plataforma (verificado en el código de la Torre; LT sin acceso),N eventos de LT de la misma sucursal en una ventana de tiempo,NO ENCONTRADO,"LT (eventos) + Torre (SLA, backlog)",sucursal,minutos,—,—,—,Torre,Sí,Es el ejemplo del principio: agrega eventos de LT por sucursal.,FALTANTE,"La matriz (T07) solo suma excepciones ya cargadas, no eventos de LT.",SUCURSAL_EN_RIESGO
F02,Arribo tarde de troncal (ATA contra ETA),Ninguna,torre/index.html:1223 (definido pero no implementado),ATA > ETA (+ tolerancia),NO ENCONTRADO,GPS/TMS,troncal,minutos,—,—,—,LT,Sí,"Por troncal, en minutos.",FALTANTE,"La definición de ""Troncales a tiempo"" lo pide; el código mide la salida.",TRONCAL_ARRIBO_TARDE
F03,Desvío de ruta de troncal (fuera del corredor o de la geocerca),Ninguna,Ninguna plataforma (verificado en el código de la Torre; LT sin acceso),Posición GPS fuera del recorrido previsto,NO ENCONTRADO,GPS,troncal / unidad,tiempo real,—,—,—,LT,Sí,"Por unidad, en tiempo real.",FALTANTE,"En el mapa de la Torre la unidad se dibuja donde ""debería estar"" (estimado, torre/index.html:1409), no por GPS.",TRONCAL_FUERA_DE_RUTA
F04,Escalado automático por vencimiento de la excepción,Ninguna,"torre/index.html:1873, 2513",Excepción vencida o sin tomar después de X min,P1 2 h / P2 4 h / P3 8 h existen; la acción al vencer no,Bitácora,excepción,tiempo real,—,—,—,Torre,Sí,Gestión de la cola.,FALTANTE,Solo se escala en contingencia y solo las P1.,EXCEPCION_VENCIDA
F05,Chofer con alta tasa de ausentes o visitas fallidas,Ninguna,torre/index.html:1073 (mencionado en el texto de E-2283),% de visitas fallidas del chofer > umbral,30% (solo aparece en el texto del ejemplo E-2283),LT,chofer / recorrido,minutos,—,—,—,LT,Sí,Evento por chofer o recorrido.,FALTANTE,Alimentaría PRIMER_INTENTO_BAJO (T12).,CHOFER_VISITAS_FALLIDAS
F06,Ruteado que no salió (unidad de UM sin iniciar recorrido),Ninguna,torre/index.html:1056 (solo un número fijo),Recorrido asignado sin salida a la hora prevista,NO ENCONTRADO,LT / TMS,recorrido / unidad,minutos,—,—,—,LT,Sí,Por recorrido.,FALTANTE,"Aparece como dato fijo en ""Alertas de la jornada"" sin regla.",RECORRIDO_SIN_INICIAR
F07,Cierre automático (la alerta se resuelve sola),Ninguna,Ninguna plataforma (verificado en el código de la Torre; LT sin acceso),La condición que la abrió vuelve a valores normales,NO ENCONTRADO,LT / Torre,todas,—,—,—,—,Torre (Bitácora),Sí,Regla de la cola.,FALTANTE,No hay estado ni regla de autocierre; todo se cierra a mano con causa.,(regla de gestión)
F08,Deduplicación y correlación de eventos LT → Bitácora,Ninguna,Ninguna plataforma (verificado en el código de la Torre; LT sin acceso),"Mismo objeto (patente, troncal, sucursal) y misma causa en una ventana",NO ENCONTRADO,LT / n8n / Torre,troncal / sucursal,minutos,—,—,—,Torre (Bitácora),Sí,Evita doble carga cuando LT y n8n detectan lo mismo.,FALTANTE,Hoy no hay ID de evento de origen en la excepción.,(regla de gestión)
